a least		
ahead of time	1	
among other		
around corner		
around the clock		1
around the corner	1	
as usual		
at a premium	1	
at all	1	
at all cost		1
at best	1	
at fault	1	
at first	1	
at least	1	
at peace	1	
back and forth		
behind the wheel		1
by any stretch of the imagination		1
by far	1	
for free	1	
for the most part	1	
from Hell		
from standpoint		
in business	1	
in detail	1	
in every way		
in experience		
in hope to		
in hurry		
in large part		1
in limbo		
in line	1	
in love		
in luv		
in no time	1	
in pain		
in person	1	
in stock	1	
in the best interest		
in the end	1	
in the mean time		
in this day and age	1	
in time	1	
in time of need		
in town		
in traffic		
just about		
nothing but		
of all time		
of late	1	
off the bat		1
on a basis		
on a budget	1	
on a whim		
on all level		
on call	1	
on duty	1	
on hold	1	
on line		
on own		
on purpose	1	
on schedule		
on staff		
on the cheap	1	
on the lookout		1
on the market	1	
on the phone		
on the side		1
on the spot	1	
on time	1	
on way		
out front		
out of business		
out of control	1	
out of date	1	
out of the ordinary	1	
out of the way	1	
out of town		
out of way		
out there		
over the phone		
over the year		
to date	1	
to death	1	
to face		
to my surprise		
under circumstance		
under warranty		
up and run		
up front		
up to date	1	
up to par	1	
with fly color		1
with good reason		
with the way it be		
	39	9
